ID,Name,Quantity,Price
101,Laptop,25,45000
102,Mouse,150,500
103,Keyboard,80,1200
104,Monitor,30,12000
105,Headphones,60,2500
106,USB Cable,200,150
107,Hard Drive,40,3500
108,RAM 8GB,35,2800
109,Webcam,45,1800
110,Speakers,25,4500
111,Desktop Computer,15,35000
112,Wireless Mouse,100,800
113,Mechanical Keyboard,50,2500
114,LED Monitor,20,15000
115,Gaming Headset,40,3500
